<?xml version="1.0" encoding="UTF-8"?>
<addon id="plugin.repo.ping.instant-kodi-repo" name="ping/instant-kodi-repo Repository" version="1.0.0" provider-name="ping">
    <extension point="xbmc.addon.repository">
        <info>https://ping.github.io/instant-kodi-repo/addons.xml</info>
        <checksum>https://ping.github.io/instant-kodi-repo/addons.xml.md5</checksum>
        <datadir zip="true">https://ping.github.io/instant-kodi-repo/datadir/</datadir>
    </extension>
    <extension point="xbmc.addon.metadata">
        <summary lang="en_GB">A personal Kodi addon repository from https://github.com/ping/instant-kodi-repo</summary>
        <description lang="en_GB"></description>
        <language></language>
        <platform>all</platform>
        <license>GPL-3.0</license>
        <forum></forum>
        <source></source>
        <news></news>
        <disclaimer></disclaimer>
        <assets>
            <icon></icon>
            <fanart></fanart>
        </assets>
    </extension>
</addon>